Workbook

Sheet 封面
C1: 文件类型 | D1: 记录 | E1: 文件编号
C2: 密 级 | D2: □绝密 □机密 ■秘密 | E2: 适用范围 | F2: 质量体系
B11: Onemap产品库出品验收报告
B21: 生效日期 | E21: 版本号 | F21: V1.0
B22: 版本状态 | C22: □草案 □定稿 ■发布版 □修订稿
B23: 编 制 人 | C23: 王乾 | E23: 编制日期 | F23: 45107
B24: 审 核 人 | C24: 魏娜 | E24: 审核日期 | F24: 45107
B25: 批 准 人 | C25: 魏娜 | E25: 批准日期 | F25: 45107

Sheet 修订履历
C1: 文件类型 | D1: 标准 | E1: 文件编号
C2: 密 级 | D2: □绝密 □机密 ■秘密 | E2: 适用范围 | F2: 质量体系
A3: Document Revision 修订履历
A5: Version 版本 | B5: Date 日期 | C5: Changes 修订内容 | D5: Remarks 备注 | E5: Author 作者 | F5: 审核人 | G5: 批准人
A6: V1.0 | B6: 45107 | C6: 初稿 | D6: \ | E6: 王乾 | F6: 魏娜 | G6: 魏娜

Sheet 综述
A1: 1、实施记录
A2: 验收城市 | B2: 25个城市
A3: 验收版本号 | B3: LG_OneMap_20230630_V1
A4: 验收里程 | B4: 1311.2（km）
A5: 验收时间 | B5: 45107
A6: 验收人员 | B6: 王乾
A7: 验收结论 | B7: 通过
A10: 序号 | B10: 检查大类 | C10: 检查项数量 | D10: 合格项数量 | E10: 不合格项数量 | F10: 说明
A11: 1 | B11: 文件列表检查 | C11: 4 | D11: 4 | E11: 0 | F11: 检查文件夹及里面图层完整性，目前情况：编译暂未上线图层2个，不支持图层2个，部分支持图层1个（未做质量保证），产品不转出图层6个，内容为空图层2个
A12: 2 | B12: 提交范围检查 | C12: 1 | D12: 1 | E12: 0 | F12: 现状按照任务范围框判断数据有无。
A13: 3 | B13: 规格+值域+主外键 | C13: 233 | D13: 233 | E13: 0
A14: 4 | B14: 几何拓扑逻辑检查 | C14: 126 | D14: =C14-E14 -> 126 | E14: 0
A15: 5 | B15: 与现实世界一致性检查 | C15: 50 | D15: =C15-E15 -> 48 | E15: 2 | F15: 2项A为停止线工艺变更（取消虚拟停止线），非高速重点要素，不影响智能驾驶领航功能，后续刷库改善
A20: 3、图表展示
A39: 4、说明
A40: 1）质量标准:量产
A41: 检查项等级 | B41: 质量标准
A42: S | B42: 1
A43: A | B43: 0.9984
A44: B | B44: 0.99
A45: C | B45: 0.98
A47: 2）公式说明
A48: 人工正确率=1-错误量/(验收数量+遗漏-冗余）*100%

Sheet 1.文件列表检查
A1: 序号 | B1: 检查项代码 | C1: 大类检查项 | D1: 中类检查项 | E1: 小类检查项 | F1: 检查项等级 | G1: 质量标准 | H1: 检查方法 | I1: 检查比例 | J1: 验收数量 | K1: 错误量 | L1: 正确率 | M1: 是否合格 | N1: 备注
A2: 1 | B2: 111001 | C2: Filelist | D2: 唯一性 | E2: 名称唯一 | F2: S | G2: 1 | H2: 人工 | I2: 抽检 | J2: =31*25 -> 775 | K2: 0 | L2: =1-K2/J2 -> 1 | M2: 是
A3: 2 | B3: 111002 | C3: Filelist | D3: 完备性 | E3: 文件夹存在完备 | F3: S | G3: 1 | H3: 人工 | I3: 抽检 | J3: 25 | K3: 0 | L3: =1-K3/J3 -> 1 | M3: 是
A4: 3 | B4: 111003 | C4: Filelist | D4: 正确性 | E4: 文件格式正确 | F4: S | G4: 1 | H4: 人工 | I4: 抽检 | J4: =31*25 -> 775 | K4: 0 | L4: =1-K4/J4 -> 1 | M4: 是
A5: 4 | B5: 111004 | C5: Filelist | D5: 正确性 | E5: 文件数量正确 | F5: S | G5: 1 | H5: 人工 | I5: 抽检 | J5: =31*25 -> 775 | K5: 0 | L5: =1-K5/J5 -> 1 | M5: 是

Sheet 2.提交范围检查
A1: 序号 | B1: 检查项代码 | C1: 大类检查项 | D1: 中类检查项 | E1: 小类检查项 | F1: 检查项等级 | G1: 质量标准 | H1: 检查方法 | I1: 检查比例 | J1: 验收数量 | K1: 错误量 | L1: 正确率 | M1: 是否合格 | N1: 备注
A2: 1 | B2: WZX000001 | C2: Lane | D2: GEOMETRY | E2: Lane::GEOMETRY完整性检查 | F2: S | G2: 1 | H2: 人工 | I2: 抽检 | J2: 40952 | K2: 0 | L2: =1-K2/J2 -> 1 | M2: =IF(L2>=G2,"是",“否”) -> 是

Sheet 3.规格+值域+主外键
A1: 序号 | B1: 检查项代码 | C1: 检查表名 | D1: 检查字段名 | E1: 检查内容 | F1: 检查项等级 | G1: 质量标准 | H1: 检查方法 | I1: 检查比例 | J1: 验收数量 | K1: 错误量 | L1: 正确率 | M1: 是否合格 | N1: 备注
A2: 1 | B2: 10001 | C2: lgmap_lane | D2: geometry | E2: 字段定义检查 | F2: S | G2: 1 | H2: 工具 | I2: 1 | J2: =VLOOKUP(C:C,'4.几何拓扑逻辑检查'!D:J,7,FALSE) -> 39625 | K2: 0 | L2: =1-K2/J2 -> 1 | M2: =IF(L2>=I2,"是","否") -> 是
A3: 2 | B3: 10002 | C3: lgmap_lane | D3: left_divider_id | E3: 字段定义检查 | F3: S | G3: 1 | H3: 工具 | I3: 1 | J3: =VLOOKUP(C:C,'4.几何拓扑逻辑检查'!D:J,7,FALSE) -> 39625 | K3: 0 | L3: =1-K3/J3 -> 1 | M3: =IF(L3>=I3,"是","否") -> 是
A4: 3 | B4: 10003 | C4: lgmap_lane | D4: right_divider_id | E4: 字段定义检查 | F4: S | G4: 1 | H4: 工具 | I4: 1 | J4: =VLOOKUP(C:C,'4.几何拓扑逻辑检查'!D:J,7,FALSE) -> 39625 | K4: 0 | L4: =1-K4/J4 -> 1 | M4: =IF(L4>=I4,"是","否") -> 是
A5: 4 | B5: 10004 | C5: lgmap_lane | D5: left_chg_lane_id | E5: 字段定义检查 | F5: S | G5: 1 | H5: 工具 | I5: 1 | J5: =VLOOKUP(C:C,'4.几何拓扑逻辑检查'!D:J,7,FALSE) -> 39625 | K5: 0 | L5: =1-K5/J5 -> 1 | M5: =IF(L5>=I5,"是","否") -> 是
A6: 5 | B6: 10005 | C6: lgmap_lane | D6: right_chg_lane_id | E6: 字段定义检查 | F6: S | G6: 1 | H6: 工具 | I6: 1 | J6: =VLOOKUP(C:C,'4.几何拓扑逻辑检查'!D:J,7,FALSE) -> 39625 | K6: 0 | L6: =1-K6/J6 -> 1 | M6: =IF(L6>=I6,"是","否") -> 是
A7: 6 | B7: 10006 | C7: lgmap_lane | D7: lane_topo_direction | E7: 字段定义检查 | F7: S | G7: 1 | H7: 工具 | I7: 1 | J7: =VLOOKUP(C:C,'4.几何拓扑逻辑检查'!D:J,7,FALSE) -> 39625 | K7: 0 | L7: =1-K7/J7 -> 1 | M7: =IF(L7>=I7,"是","否") -> 是
A8: 7 | B8: 10007 | C8: lgmap_lane | D8: length | E8: 字段定义检查 | F8: S | G8: 1 | H8: 工具 | I8: 1 | J8: =VLOOKUP(C:C,'4.几何拓扑逻辑检查'!D:J,7,FALSE) -> 39625 | K8: 0 | L8: =1-K8/J8 -> 1 | M8: =IF(L8>=I8,"是","否") -> 是
A9: 8 | B9: 10008 | C9: lgmap_lane | D9: reverse_flag | E9: 字段定义检查 | F9: S | G9: 1 | H9: 工具 | I9: 1 | J9: =VLOOKUP(C:C,'4.几何拓扑逻辑检查'!D:J,7,FALSE) -> 39625 | K9: 0 | L9: =1-K9/J9 -> 1 | M9: =IF(L9>=I9,"是","否") -> 是
A10: 9 | B10: 10009 | C10: lgmap_lane | D10: reverse_lane_id | E10: 字段定义检查 | F10: S | G10: 1 | H10: 工具 | I10: 1 | J10: =VLOOKUP(C:C,'4.几何拓扑逻辑检查'!D:J,7,FALSE) -> 39625 | K10: 0 | L10: =1-K10/J10 -> 1 | M10: =IF(L10>=I10,"是","否") -> 是
A11: 10 | B11: 10011 | C11: lgmap_lane | D11: category_main | E11: 字段定义检查 | F11: S | G11: 1 | H11: 工具 | I11: 1 | J11: =VLOOKUP(C:C,'4.几何拓扑逻辑检查'!D:J,7,FALSE) -> 39625 | K11: 0 | L11: =1-K11/J11 -> 1 | M11: =IF(L11>=I11,"是","否") -> 是
A12: 11 | B12: 10012 | C12: lgmap_lane | D12: category_location | E12: 字段定义检查 | F12: S | G12: 1 | H12: 工具 | I12: 1 | J12: =VLOOKUP(C:C,'4.几何拓扑逻辑检查'!D:J,7,FALSE) -> 39625 | K12: 0 | L12: =1-K12/J12 -> 1 | M12: =IF(L12>=I12,"是","否") -> 是
A13: 12 | B13: 10013 | C13: lgmap_lane | D13: category_vehicle | E13: 字段定义检查 | F13: S | G13: 1 | H13: 工具 | I13: 1 | J13: =VLOOKUP(C:C,'4.几何拓扑逻辑检查'!D:J,7,FALSE) -> 39625 | K13: 0 | L13: =1-K13/J13 -> 1 | M13: =IF(L13>=I13,"是","否") -> 是
... A32: 31 | B32: 10051 | C32: lgmap_lane_divider | D32: adcity_code | E32: 字段定义检查 | F32: S | G32: 1 | H32: 工具 | I32: 1 | J32: =VLOOKUP(C:C,'4.几何拓扑逻辑检查'!D:J,7,FALSE) -> 55050 | K32: 0 | L32: =1-K32/J32 -> 1 | M32: =IF(L32>=I32,"是","否") -> 是
A33: 32 | B33: 10052 | C33: lgmap_divider_road_form | D33: divider_id | E33: 字段定义检查 | F33: S | G33: 1 | H33: 工具 | I33: 1 | J33: 14435 | K33: 0 | L33: =1-K33/J33 -> 1 | M33: =IF(L33>=I33,"是","否") -> 是
A34: 33 | B34: 10053 | C34: lgmap_divider_road_form | D34: kind | E34: 字段定义检查 | F34: S | G34: 1 | H34: 工具 | I34: 1 | J34: 14435 | K34: 0 | L34: =1-K34/J34 -> 1 | M34: =IF(L34>=I34,"是","否") -> 是
A35: 34 | B35: 10054 | C35: lgmap_divider_road_form | D35: muti_digitized | E35: 字段定义检查 | F35: S | G35: 1 | H35: 工具 | I35: 1 | J35: 14435 | K35: 0 | L35: =1-K35/J35 -> 1 | M35: =IF(L35>=I35,"是","否") -> 是
A36: 35 | B36: 10056 | C36: lgmap_divider_road_form | D36: adcity_code | E36: 字段定义检查 | F36: S | G36: 1 | H36: 工具 | I36: 1 | J36: 14435 | K36: 0 | L36: =1-K36/J36 -> 1 | M36: =IF(L36>=I36,"是","否") -> 是
A37: 36 | B37: 10057 | C37: lgmap_lane_top | D37: in_lane_id | E37: 字段定义检查 | F37: S | G37: 1 | H37: 工具 | I37: 1 | J37: =VLOOKUP(C:C,'4.几何拓扑逻辑检查'!D:J,7,FALSE) -> 38442 | K37: 0 | L37: =1-K37/J37 -> 1 | M37: =IF(L37>=I37,"是","否") -> 是
A38: 37 | B38: 10058 | C38: lgmap_lane_top | D38: out_lane_id | E38: 字段定义检查 | F38: S | G38: 1 | H38: 工具 | I38: 1 | J38: =VLOOKUP(C:C,'4.几何拓扑逻辑检查'!D:J,7,FALSE) -> 38442 | K38: 0 | L38: =1-K38/J38 -> 1 | M38: =IF(L38>=I38,"是","否") -> 是
A39: 38 | B39: 10059 | C39: lgmap_lane_top | D39: top_dir | E39: 字段定义检查 | F39: S | G39: 1 | H39: 工具 | I39: 1 | J39: =VLOOKUP(C:C,'4.几何拓扑逻辑检查'!D:J,7,FALSE) -> 38442 | K39: 0 | L39: =1-K39/J39 -> 1 | M39: =IF(L39>=I39,"是","否") -> 是
A40: 39 | B40: 10060 | C40: lgmap_lane_top | D40: cross_type | E40: 字段定义检查 | F40: S | G40: 1 | H40: 工具 | I40: 1 | J40: =VLOOKUP(C:C,'4.几何拓扑逻辑检查'!D:J,7,FALSE) -> 38442 | K40: 0 | L40: =1-K40/J40 -> 1 | M40: =IF(L40>=I40,"是","否") -> 是
A41: 40 | B41: 10061 | C41: lgmap_lane_top | D41: adcity_code | E41: 字段定义检查 | F41: S | G41: 1 | H41: 工具 | I41: 1 | J41: =VLOOKUP(C:C,'4.几何拓扑逻辑检查'!D:J,7,FALSE) -> 38442 | K41: 0 | L41: =1-K41/J41 -> 1 | M41: =IF(L41>=I41,"是","否") -> 是
A42: 41 | B42: 10062 | C42: lgmap_junction | D42: geometry | E42: 字段定义检查 | F42: S | G42: 1 | H42: 工具 | I42: 1 | J42: =VLOOKUP(C:C,'4.几何拓扑逻辑检查'!D:J,7,FALSE) -> 1872 | K42: 0 | L42: =1-K42/J42 -> 1 | M42: =IF(L42>=I42,"是","否") -> 是
A43: 42 | B43: 10063 | C43: lgmap_junction | D43: lane_list | E43: 字段定义检查 | F43: S | G43: 1 | H43: 工具 | I43: 1 | J43: =VLOOKUP(C:C,'4.几何拓扑逻辑检查'!D:J,7,FALSE) -> 1872 | K43: 0 | L43: =1-K43/J43 -> 1 | M43: =IF(L43>=I43,"是","否") -> 是
A44: 43 | B44: 10064 | C44: lgmap_junction | D44: type | E44: 字段定义检查 | F44: S | G44: 1 | H44: 工具 | I44: 1 | J44: =VLOOKUP(C:C,'4.几何拓扑逻辑检查'!D:J,7,FALSE) -> 1872 | K44: 0 | L44: =1-K44/J44 -> 1 | M44: =IF(L44>=I44,"是","否") -> 是
A45: 44 | B45: 10065 | C45: lgmap_junction | D45: adcity_code | E45: 字段定义检查 | F45: S | G45: 1 | H45: 工具 | I45: 1 | J45: =VLOOKUP(C:C,'4.几何拓扑逻辑检查'!D:J,7,FALSE) -> 1872 | K45: 0 | L45: =1-K45/J45 -> 1 | M45: =IF(L45>=I45,"是","否") -> 是
A46: 45 | B46: 10073 | C46: lgmap_lane_speed_general | D46: divider_id | E46: 字段定义检查 | F46: S | G46: 1 | H46: 工具 | I46: 1 | J46: =VLOOKUP(C:C,'4.几何拓扑逻辑检查'!D:J,7,FALSE) -> 39676 | K46: 0 | L46: =1-K46/J46 -> 1 | M46: =IF(L46>=I46,"是","否") -> 是
A47: 46 | B47: 10074 | C47: lgmap_lane_speed_general | D47: lane_id | E47: 字段定义检查 | F47: S | G47: 1 | H47: 工具 | I47: 1 | J47: =VLOOKUP(C:C,'4.几何拓扑逻辑检查'!D:J,7,FALSE) -> 39676 | K47: 0 | L47: =1-K47/J47 -> 1 | M47: =IF(L47>=I47,"是","否") -> 是
A48: 47 | B48: 10075 | C48: lgmap_lane_speed_general | D48: lane_dir | E48: 字段定义检查 | F48: S | G48: 1 | H48: 工具 | I48: 1 | J48: =VLOOKUP(C:C,'4.几何拓扑逻辑检查'!D:J,7,FALSE) -> 39676 | K48: 0 | L48: =1-K48/J48 -> 1 | M48: =IF(L48>=I48,"是","否") -> 是
... A53: 52 | B53: 10081 | C53: lgmap_lane_speed_general | D53: adcity_code | E53: 字段定义检查 | F53: S | G53: 1 | H53: 工具 | I53: 1 | J53: =VLOOKUP(C:C,'4.几何拓扑逻辑检查'!D:J,7,FALSE) -> 39676 | K53: 0 | L53: =1-K53/J53 -> 1 | M53: =IF(L53>=I53,"是","否") -> 是
A54: 53 | B54: 10096 | C54: lgmap_object_line_roadsurface | D54: geometry | E54: 字段定义检查 | F54: S | G54: 1 | H54: 工具 | I54: 1 | J54: 38 | K54: 0 | L54: =1-K54/J54 -> 1 | M54: =IF(L54>=I54,"是","否") -> 是
A55: 54 | B55: 10097 | C55: lgmap_object_line_roadsurface | D55: type | E55: 字段定义检查 | F55: S | G55: 1 | H55: 工具 | I55: 1 | J55: 38 | K55: 0 | L55: =1-K55/J55 -> 1 | M55: =IF(L55>=I55,"是","否") -> 是
A56: 55 | B56: 10098 | C56: lgmap_object_line_roadsurface | D56: adcity_code | E56: 字段定义检查 | F56: S | G56: 1 | H56: 工具 | I56: 1 | J56: 38 | K56: 0 | L56: =1-K56/J56 -> 1 | M56: =IF(L56>=I56,"是","否") -> 是
A57: 56 | B57: 10099 | C57: lgmap_object_line_pole | D57: geometry | E57: 字段定义检查 | F57: S | G57: 1 | H57: 工具 | I57: 1 | J57: =VLOOKUP(C:C,'4.几何拓扑逻辑检查'!D:J,7,FALSE) -> 17737 | K57: 0 | L57: =1-K57/J57 -> 1 | M57: =IF(L57>=I57,"是","否") -> 是
A58: 57 | B58: 10100 | C58: lgmap_object_line_pole | D58: type | E58: 字段定义检查 | F58: S | G58: 1 | H58: 工具 | I58: 1 | J58: =VLOOKUP(C:C,'4.几何拓扑逻辑检查'!D:J,7,FALSE) -> 17737 | K58: 0 | L58: =1-K58/J58 -> 1 | M58: =IF(L58>=I58,"是","否") -> 是
A59: 58 | B59: 10101 | C59: lgmap_object_line_pole | D59: adcity_code | E59: 字段定义检查 | F59: S | G59: 1 | H59: 工具 | I59: 1 | J59: =VLOOKUP(C:C,'4.几何拓扑逻辑检查'!D:J,7,FALSE) -> 17737 | K59: 0 | L59: =1-K59/J59 -> 1 | M59: =IF(L59>=I59,"是","否") -> 是
A60: 59 | B60: 10102 | C60: lgmap_object_physical_boundary | D60: geometry | E60: 字段定义检查 | F60: S | G60: 1 | H60: 工具 | I60: 1 | J60: =VLOOKUP(C:C,'4.几何拓扑逻辑检查'!D:J,7,FALSE) -> 36039 | K60: 0 | L60: =1-K60/J60 -> 1 | M60: =IF(L60>=I60,"是","否") -> 是
A61: 60 | B61: 10103 | C61: lgmap_object_physical_boundary | D61: type | E61: 字段定义检查 | F61: S | G61: 1 | H61: 工具 | I61: 1 | J61: =VLOOKUP(C:C,'4.几何拓扑逻辑检查'!D:J,7,FALSE) -> 36039 | K61: 0 | L61: =1-K61/J61 -> 1 | M61: =IF(L61>=I61,"是","否") -> 是
A62: 61 | B62: 10104 | C62: lgmap_object_physical_boundary | D62: divider_id | E62: 字段定义检查 | F62: S | G62: 1 | H62: 工具 | I62: 1 | J62: =VLOOKUP(C:C,'4.几何拓扑逻辑检查'!D:J,7,FALSE) -> 36039 | K62: 0 | L62: =1-K62/J62 -> 1 | M62: =IF(L62>=I62,"是","否") -> 是
A63: 62 | B63: 10105 | C63: lgmap_object_physical_boundary | D63: adcity_code | E63: 字段定义检查 | F63: S | G63: 1 | H63: 工具 | I63: 1 | J63: =VLOOKUP(C:C,'4.几何拓扑逻辑检查'!D:J,7,FALSE) -> 36039 | K63: 0 | L63: =1-K63/J63 -> 1 | M63: =IF(L63>=I63,"是","否") -> 是
A64: 63 | B64: 10106 | C64: lgmap_object_area_roadsurface | D64: geometry | E64: 字段定义检查 | F64: S | G64: 1 | H64: 工具 | I64: 1 | J64: =VLOOKUP(C:C,'4.几何拓扑逻辑检查'!D:J,7,FALSE) -> 15250 | K64: 0 | L64: =1-K64/J64 -> 1 | M64: =IF(L64>=I64,"是","否") -> 是
A65: 64 | B65: 10107 | C65: lgmap_object_area_roadsurface | D65: type | E65: 字段定义检查 | F65: S | G65: 1 | H65: 工具 | I65: 1 | J65: =VLOOKUP(C:C,'4.几何拓扑逻辑检查'!D:J,7,FALSE) -> 15250 | K65: 0 | L65: =1-K65/J65 -> 1 | M65: =IF(L65>=I65,"是","否") -> 是
A66: 65 | B66: 10108 | C66: lgmap_object_area_roadsurface | D66: adcity_code | E66: 字段定义检查 | F66: S | G66: 1 | H66: 工具 | I66: 1 | J66: =VLOOKUP(C:C,'4.几何拓扑逻辑检查'!D:J,7,FALSE) -> 15250 | K66: 0 | L66: =1-K66/J66 -> 1 | M66: =IF(L66>=I66,"是","否") -> 是
A67: 66 | B67: 10109 | C67: lgmap_object_area_overhead | D67: geometry | E67: 字段定义检查 | F67: S | G67: 1 | H67: 工具 | I67: 1 | J67: 1479 | K67: 0 | L67: =1-K67/J67 -> 1 | M67: =IF(L67>=I67,"是","否") -> 是
A68: 67 | B68: 10110 | C68: lgmap_object_area_overhead | D68: type | E68: 字段定义检查 | F68: S | G68: 1 | H68: 工具 | I68: 1 | J68: 1479 | K68: 0 | L68: =1-K68/J68 -> 1 | M68: =IF(L68>=I68,"是","否") -> 是
A69: 68 | B69: 10111 | C69: lgmap_object_area_overhead | D69: adcity_code | E69: 字段定义检查 | F69: S | G69: 1 | H69: 工具 | I69: 1 | J69: 1479 | K69: 0 | L69: =1-K69/J69 -> 1 | M69: =IF(L69>=I69,"是","否") -> 是
A70: 69 | B70: 10120 | C70: lgmap_signal_board | D70: geometry | E70: 字段定义检查 | F70: S | G70: 1 | H70: 工具 | I70: 1 | J70: 608 | K70: 0 | L70: =1-K70/J70 -> 1 | M70: =IF(L70>=I70,"是","否") -> 是
A71: 70 | B71: 10121 | C71: lgmap_signal_board | D71: type | E71: 字段定义检查 | F71: S | G71: 1 | H71: 工具 | I71: 1 | J71: 608 | K71: 0 | L71: =1-K71/J71 -> 1 | M71: =IF(L71>=I71,"是","否") -> 是
A72: 71 | B72: 10124 | C72: lgmap_signal_board | D72: heading | E72: 字段定义检查 | F72: S | G72: 1 | H72: 工具 | I72: 1 | J72: 608 | K72: 0 | L72: =1-K72/J72 -> 1 | M72: =IF(L72>=I72,"是","否") -> 是
A73: 72 | B73: 10125 | C73: lgmap_signal_board | D73: adcity_code | E73: 字段定义检查 | F73: S | G73: 1 | H73: 工具 | I73: 1 | J73: 608 | K73: 0 | L73: =1-K73/J73 -> 1 | M73: =IF(L73>=I73,"是","否") -> 是
A74: 73 | B74: 10129 | C74: lgmap_trafficsign | D74: geometry | E74: 字段定义检查 | F74: S | G74: 1 | H74: 工具 | I74: 1 | J74: =VLOOKUP(C:C,'4.几何拓扑逻辑检查'!D:J,7,FALSE) -> 18111 | K74: 0 | L74: =1-K74/J74 -> 1 | M74: =IF(L74>=I74,"是","否") -> 是
A75: 74 | B75: 10130 | C75: lgmap_trafficsign | D75: type | E75: 字段定义检查 | F75: S | G75: 1 | H75: 工具 | I75: 1 | J75: =VLOOKUP(C:C,'4.几何拓扑逻辑检查'!D:J,7,FALSE) -> 18111 | K75: 0 | L75: =1-K75/J75 -> 1 | M75: =IF(L75>=I75,"是","否") -> 是
A76: 75 | B76: 10131 | C76: lgmap_trafficsign | D76: color | E76: 字段定义检查 | F76: S | G76: 1 | H76: 工具 | I76: 1 | J76: =VLOOKUP(C:C,'4.几何拓扑逻辑检查'!D:J,7,FALSE) -> 18111 | K76: 0 | L76: =1-K76/J76 -> 1 | M76: =IF(L76>=I76,"是","否") -> 是
A77: 76 | B77: 10132 | C77: lgmap_trafficsign | D77: shape | E77: 字段定义检查 | F77: S | G77: 1 | H77: 工具 | I77: 1 | J77: =VLOOKUP(C:C,'4.几何拓扑逻辑检查'!D:J,7,FALSE) -> 18111 | K77: 0 | L77: =1-K77/J77 -> 1 | M77: =IF(L77>=I77,"是","否") -> 是
A78: 77 | B78: 10133 | C78: lgmap_trafficsign | D78: heading | E78: 字段定义检查 | F78: S | G78: 1 | H78: 工具 | I78: 1 | J78: =VLOOKUP(C:C,'4.几何拓扑逻辑检查'!D:J,7,FALSE) -> 18111 | K78: 0 | L78: =1-K78/J78 -> 1 | M78: =IF(L78>=I78,"是","否") -> 是
A79: 78 | B79: 10134 | C79: lgmap_trafficsign | D79: adcity_code | E79: 字段定义检查 | F79: S | G79: 1 | H79: 工具 | I79: 1 | J79: =VLOOKUP(C:C,'4.几何拓扑逻辑检查'!D:J,7,FALSE) -> 18111 | K79: 0 | L79: =1-K79/J79 -> 1 | M79: =IF(L79>=I79,"是","否") -> 是
A80: 79 | B80: 10135 | C80: lgmap_overlap | D80: master_id | E80: 字段定义检查 | F80: S | G80: 1 | H80: 工具 | I80: 1 | J80: =VLOOKUP(C:C,'4.几何拓扑逻辑检查'!D:J,7,FALSE) -> 194834 | K80: 0 | L80: =1-K80/J80 -> 1 | M80: =IF(L80>=I80,"是","否") -> 是
A81: 80 | B81: 10136 | C81: lgmap_overlap | D81: master_type | E81: 字段定义检查 | F81: S | G81: 1 | H81: 工具 | I81: 1 | J81: =VLOOKUP(C:C,'4.几何拓扑逻辑检查'!D:J,7,FALSE) -> 194834 | K81: 0 | L81: =1-K81/J81 -> 1 | M81: =IF(L81>=I81,"是","否") -> 是
A82: 81 | B82: 10137 | C82: lgmap_overlap | D82: object_id | E82: 字段定义检查 | F82: S | G82: 1 | H82: 工具 | I82: 1 | J82: =VLOOKUP(C:C,'4.几何拓扑逻辑检查'!D:J,7,FALSE) -> 194834 | K82: 0 | L82: =1-K82/J82 -> 1 | M82: =IF(L82>=I82,"是","否") -> 是
A83: 82 | B83: 10138 | C83: lgmap_overlap | D83: object_type | E83: 字段定义检查 | F83: S | G83: 1 | H83: 工具 | I83: 1 | J83: =VLOOKUP(C:C,'4.几何拓扑逻辑检查'!D:J,7,FALSE) -> 194834 | K83: 0 | L83: =1-K83/J83 -> 1 | M83: =IF(L83>=I83,"是","否") -> 是
A84: 83 | B84: 10139 | C84: lgmap_overlap | D84: start_offset | E84: 字段定义检查 | F84: S | G84: 1 | H84: 工具 | I84: 1 | J84: =VLOOKUP(C:C,'4.几何拓扑逻辑检查'!D:J,7,FALSE) -> 194834 | K84: 0 | L84: =1-K84/J84 -> 1 | M84: =IF(L84>=I84,"是","否") -> 是
A85: 84 | B85: 10140 | C85: lgmap_overlap | D85: end_offset | E85: 字段定义检查 | F85: S | G85: 1 | H85: 工具 | I85: 1 | J85: =VLOOKUP(C:C,'4.几何拓扑逻辑检查'!D:J,7,FALSE) -> 194834 | K85: 0 | L85: =1-K85/J85 -> 1 | M85: =IF(L85>=I85,"是","否") -> 是
... A116: 115 | B116: 10169 | C116: lgmap_road_node | D116: adcity_code | E116: 字段定义检查 | F116: S | G116: 1 | H116: 工具 | I116: 1 | J116: =VLOOKUP(C:C,'4.几何拓扑逻辑检查'!D:J,7,FALSE) -> 14838 | K116: 0 | L116: =1-K116/J116 -> 1 | M116: =IF(L116>=I116,"是","否") -> 是
A117: 116 | B117: 10170 | C117: lgmap_road_form | D117: road_id | E117: 字段定义检查 | F117: S | G117: 1 | H117: 工具 | I117: 1 | J117: 31675 | K117: 0 | L117: =1-K117/J117 -> 1 | M117: =IF(L117>=I117,"是","否") -> 是
A118: 117 | B118: 10171 | C118: lgmap_road_form | D118: form | E118: 字段定义检查 | F118: S | G118: 1 | H118: 工具 | I118: 1 | J118: 31675 | K118: 0 | L118: =1-K118/J118 -> 1 | M118: =IF(L118>=I118,"是","否") -> 是
A119: 118 | B119: 10172 | C119: lgmap_road_form | D119: adcity_code | E119: 字段定义检查 | F119: S | G119: 1 | H119: 工具 | I119: 1 | J119: 31675 | K119: 0 | L119: =1-K119/J119 -> 1 | M119: =IF(L119>=I119,"是","否") -> 是
A120: 119 | B120: 10209 | C120: lgmap_road_section | D120: geometry | E120: 字段定义检查 | F120: S | G120: 1 | H120: 工具 | I120: 1 | J120: =VLOOKUP(C:C,'4.几何拓扑逻辑检查'!D:J,7,FALSE) -> 13937 | K120: 0 | L120: =1-K120/J120 -> 1 | M120: =IF(L120>=I120,"是","否") -> 是
A121: 120 | B121: 10210 | C121: lgmap_road_section | D121: road_id reference_line_id | E121: 字段定义检查 | F121: S | G121: 1 | H121: 工具 | I121: 1 | J121: =VLOOKUP(C:C,'4.几何拓扑逻辑检查'!D:J,7,FALSE) -> 13937 | K121: 0 | L121: =1-K121/J121 -> 1 | M121: =IF(L121>=I121,"是","否") -> 是
A122: 121 | B122: 10211 | C122: lgmap_road_section | D122: sec_idx | E122: 字段定义检查 | F122: S | G122: 1 | H122: 工具 | I122: 1 | J122: =VLOOKUP(C:C,'4.几何拓扑逻辑检查'!D:J,7,FALSE) -> 13937 | K122: 0 | L122: =1-K122/J122 -> 1 | M122: =IF(L122>=I122,"是","否") -> 是
A123: 122 | B123: 10212 | C123: lgmap_road_section | D123: type | E123: 字段定义检查 | F123: S | G123: 1 | H123: 工具 | I123: 1 | J123: =VLOOKUP(C:C,'4.几何拓扑逻辑检查'!D:J,7,FALSE) -> 13937 | K123: 0 | L123: =1-K123/J123 -> 1 | M123: =IF(L123>=I123,"是","否") -> 是
A124: 123 | B124: 10213 | C124: lgmap_road_section | D124: left_bound_id | E124: 字段定义检查 | F124: S | G124: 1 | H124: 工具 | I124: 1 | J124: =VLOOKUP(C:C,'4.几何拓扑逻辑检查'!D:J,7,FALSE) -> 13937 | K124: 0 | L124: =1-K124/J124 -> 1 | M124: =IF(L124>=I124,"是","否") -> 是
A125: 124 | B125: 10214 | C125: lgmap_road_section | D125: right_bound_id | E125: 字段定义检查 | F125: S | G125: 1 | H125: 工具 | I125: 1 | J125: =VLOOKUP(C:C,'4.几何拓扑逻辑检查'!D:J,7,FALSE) -> 13937 | K125: 0 | L125: =1-K125/J125 -> 1 | M125: =IF(L125>=I125,"是","否") -> 是
A126: 125 | B126: 10215 | C126: lgmap_road_section | D126: link_laneid | E126: 字段定义检查 | F126: S | G126: 1 | H126: 工具 | I126: 1 | J126: =VLOOKUP(C:C,'4.几何拓扑逻辑检查'!D:J,7,FALSE) -> 13937 | K126: 0 | L126: =1-K126/J126 -> 1 | M126: =IF(L126>=I126,"是","否") -> 是
A127: 126 | B127: 10217 | C127: lgmap_road_section | D127: toll_info | E127: 字段定义检查 | F127: S | G127: 1 | H127: 工具 | I127: 1 | J127: =VLOOKUP(C:C,'4.几何拓扑逻辑检查'!D:J,7,FALSE) -> 13937 | K127: 0 | L127: =1-K127/J127 -> 1 | M127: =IF(L127>=I127,"是","否") -> 是
A128: 127 | B128: 10218 | C128: lgmap_road_section | D128: adcity_code | E128: 字段定义检查 | F128: S | G128: 1 | H128: 工具 | I128: 1 | J128: =VLOOKUP(C:C,'4.几何拓扑逻辑检查'!D:J,7,FALSE) -> 13937 | K128: 0 | L128: =1-K128/J128 -> 1 | M128: =IF(L128>=I128,"是","否") -> 是
A129: 128 | B129: 10219 | C129: lgmap_road_top | D129: from_road | E129: 字段定义检查 | F129: S | G129: 1 | H129: 工具 | I129: 1 | J129: =VLOOKUP(C:C,'4.几何拓扑逻辑检查'!D:J,7,FALSE) -> 14596 | K129: 0 | L129: =1-K129/J129 -> 1 | M129: =IF(L129>=I129,"是","否") -> 是
A130: 129 | B130: 10220 | C130: lgmap_road_top | D130: to_road | E130: 字段定义检查 | F130: S | G130: 1 | H130: 工具 | I130: 1 | J130: =VLOOKUP(C:C,'4.几何拓扑逻辑检查'!D:J,7,FALSE) -> 14596 | K130: 0 | L130: =1-K130/J130 -> 1 | M130: =IF(L130>=I130,"是","否") -> 是
A131: 130 | B131: 10221 | C131: lgmap_road_top | D131: adcity_code | E131: 字段定义检查 | F131: S | G131: 1 | H131: 工具 | I131: 1 | J131: =VLOOKUP(C:C,'4.几何拓扑逻辑检查'!D:J,7,FALSE) -> 14596 | K131: 0 | L131: =1-K131/J131 -> 1 | M131: =IF(L131>=I131,"是","否") -> 是
... A133: 132 | B133: 10224 | C133: lgmap_lane_divider | D133: record | E133: 字段定义检查 | F133: S | G133: 1 | H133: 工具 | I133: 1 | J133: =VLOOKUP(C:C,'4.几何拓扑逻辑检查'!D:J,7,FALSE) -> 55050 | K133: 0 | L133: =1-K133/J133 -> 1 | M133: =IF(L133>=I133,"是","否") -> 是
A134: 133 | B134: 10225 | C134: lgmap_divider_road_form | D134: record | E134: 字段定义检查 | F134: S | G134: 1 | H134: 工具 | I134: 1 | J134: 14435 | K134: 0 | L134: =1-K134/J134 -> 1 | M134: =IF(L134>=I134,"是","否") -> 是
A135: 134 | B135: 10226 | C135: lgmap_lane_top | D135: record | E135: 字段定义检查 | F135: S | G135: 1 | H135: 工具 | I135: 1 | J135: =VLOOKUP(C:C,'4.几何拓扑逻辑检查'!D:J,7,FALSE) -> 38442 | K135: 0 | L135: =1-K135/J135 -> 1 | M135: =IF(L135>=I135,"是","否") -> 是
A136: 135 | B136: 10227 | C136: lgmap_junction | D136: record | E136: 字段定义检查 | F136: S | G136: 1 | H136: 工具 | I136: 1 | J136: =VLOOKUP(C:C,'4.几何拓扑逻辑检查'!D:J,7,FALSE) -> 1872 | K136: 0 | L136: =1-K136/J136 -> 1 | M136: =IF(L136>=I136,"是","否") -> 是
A137: 136 | B137: 10230 | C137: lgmap_lane_speed_general | D137: record | E137: 字段定义检查 | F137: S | G137: 1 | H137: 工具 | I137: 1 | J137: =VLOOKUP(C:C,'4.几何拓扑逻辑检查'!D:J,7,FALSE) -> 39676 | K137: 0 | L137: =1-K137/J137 -> 1 | M137: =IF(L137>=I137,"是","否") -> 是
A138: 137 | B138: 10233 | C138: lgmap_object_line_roadsurface | D138: record | E138: 字段定义检查 | F138: S | G138: 1 | H138: 工具 | I138: 1 | J138: 38 | K138: 0 | L138: =1-K138/J138 -> 1 | M138: =IF(L138>=I138,"是","否") -> 是
A139: 138 | B139: 10234 | C139: lgmap_object_line_pole | D139: record | E139: 字段定义检查 | F139: S | G139: 1 | H139: 工具 | I139: 1 | J139: =VLOOKUP(C:C,'4.几何拓扑逻辑检查'!D:J,7,FALSE) -> 17737 | K139: 0 | L139: =1-K139/J139 -> 1 | M139: =IF(L139>=I139,"是","否") -> 是
A140: 139 | B140: 10235 | C140: lgmap_object_physical_boundary | D140: record | E140: 字段定义检查 | F140: S | G140: 1 | H140: 工具 | I140: 1 | J140: =VLOOKUP(C:C,'4.几何拓扑逻辑检查'!D:J,7,FALSE) -> 36039 | K140: 0 | L140: =1-K140/J140 -> 1 | M140: =IF(L140>=I140,"是","否") -> 是
A141: 140 | B141: 10236 | C141: lgmap_object_area_roadsurface | D141: record | E141: 字段定义检查 | F141: S | G141: 1 | H141: 工具 | I141: 1 | J141: =VLOOKUP(C:C,'4.几何拓扑逻辑检查'!D:J,7,FALSE) -> 15250 | K141: 0 | L141: =1-K141/J141 -> 1 | M141: =IF(L141>=I141,"是","否") -> 是
A142: 141 | B142: 10237 | C142: lgmap_object_area_overhead | D142: record | E142: 字段定义检查 | F142: S | G142: 1 | H142: 工具 | I142: 1 | J142: 1479 | K142: 0 | L142: =1-K142/J142 -> 1 | M142: =IF(L142>=I142,"是","否") -> 是
A143: 142 | B143: 10240 | C143: lgmap_signal_board | D143: record | E143: 字段定义检查 | F143: S | G143: 1 | H143: 工具 | I143: 1 | J143: 608 | K143: 0 | L143: =1-K143/J143 -> 1 | M143: =IF(L143>=I143,"是","否") -> 是
A144: 143 | B144: 10242 | C144: lgmap_trafficsign | D144: record | E144: 字段定义检查 | F144: S | G144: 1 | H144: 工具 | I144: 1 | J144: =VLOOKUP(C:C,'4.几何拓扑逻辑检查'!D:J,7,FALSE) -> 18111 | K144: 0 | L144: =1-K144/J144 -> 1 | M144: =IF(L144>=I144,"是","否") -> 是
A145: 144 | B145: 10243 | C145: lgmap_overlap | D145: record | E145: 字段定义检查 | F145: S | G145: 1 | H145: 工具 | I145: 1 | J145: =VLOOKUP(C:C,'4.几何拓扑逻辑检查'!D:J,7,FALSE) -> 194834 | K145: 0 | L145: =1-K145/J145 -> 1 | M145: =IF(L145>=I145,"是","否") -> 是
A146: 145 | B146: 10244 | C146: lgmap_object_link | D146: record | E146: 字段定义检查 | F146: S | G146: 1 | H146: 工具 | I146: 1 | J146: =VLOOKUP(C:C,'4.几何拓扑逻辑检查'!D:J,7,FALSE) -> 2098 | K146: 0 | L146: =1-K146/J146 -> 1 | M146: =IF(L146>=I146,"是","否") -> 是
A147: 146 | B147: 10245 | C147: lgmap_object_lane | D147: record | E147: 字段定义检查 | F147: S | G147: 1 | H147: 工具 | I147: 1 | J147: =VLOOKUP(C:C,'4.几何拓扑逻辑检查'!D:J,7,FALSE) -> 3462 | K147: 0 | L147: =1-K147/J147 -> 1 | M147: =IF(L147>=I147,"是","否") -> 是
A148: 147 | B148: 10246 | C148: lgmap_road | D148: record | E148: 字段定义检查 | F148: S | G148: 1 | H148: 工具 | I148: 1 | J148: =VLOOKUP(C:C,'4.几何拓扑逻辑检查'!D:J,7,FALSE) -> 14777 | K148: 0 | L148: =1-K148/J148 -> 1 | M148: =IF(L148>=I148,"是","否") -> 是
A149: 148 | B149: 10247 | C149: lgmap_road_node | D149: record | E149: 字段定义检查 | F149: S | G149: 1 | H149: 工具 | I149: 1 | J149: =VLOOKUP(C:C,'4.几何拓扑逻辑检查'!D:J,7,FALSE) -> 14838 | K149: 0 | L149: =1-K149/J149 -> 1 | M149: =IF(L149>=I149,"是","否") -> 是
A150: 149 | B150: 10248 | C150: lgmap_road_form | D150: record | E150: 字段定义检查 | F150: S | G150: 1 | H150: 工具 | I150: 1 | J150: 31675 | K150: 0 | L150: =1-K150/J150 -> 1 | M150: =IF(L150>=I150,"是","否") -> 是
A151: 150 | B151: 10256 | C151: lgmap_road_section | D151: record | E151: 字段定义检查 | F151: S | G151: 1 | H151: 工具 | I151: 1 | J151: =VLOOKUP(C:C,'4.几何拓扑逻辑检查'!D:J,7,FALSE) -> 13937 | K151: 0 | L151: =1-K151/J151 -> 1 | M151: =IF(L151>=I151,"是","否") -> 是
A152: 151 | B152: 10257 | C152: lgmap_road_top | D152: record | E152: 字段定义检查 | F152: S | G152: 1 | H152: 工具 | I152: 1 | J152: =VLOOKUP(C:C,'4.几何拓扑逻辑检查'!D:J,7,FALSE) -> 14596 | K152: 0 | L152: =1-K152/J152 -> 1 | M152: =IF(L152>=I152,"是","否") -> 是
A153: 152 | B153: 10264 | C153: lgmap_reference_line_top | D153: from_line | E153: 字段定义检查 | F153: S | G153: 1 | H153: 工具 | I153: 1 | J153: =VLOOKUP(C:C,'4.几何拓扑逻辑检查'!D:J,7,FALSE) -> 13088 | K153: 0 | L153: =1-K153/J153 -> 1 | M153: =IF(L153>=I153,"是","否") -> 是
...

Sheet 4.几何拓扑逻辑检查
A1: 序号 | B1: chk_id | C1: check_name | D1: 图层 | E1: 字段 | F1: 检查项等级 | G1: 标准正确率 | H1: 检查方法 | I1: 检查比例 | J1: 验收数量 | K1: 错误量 | L1: 正确率 | M1: 是否合格
A2: 1 | B2: HDMKLOGIC2602001 | C2: lgmap_Reference_line_top::from_line前后继拓扑检查 | D2: lgmap_Reference_line_top | E2: from_line | F2: C | G2: 0.98 | H2: 工具 | I2: 1 | J2: 13088 | K2: 0 | L2: 1 | M2: 是
A3: 2 | B3: HDMKLOGIC2710003 | C3: lgmap_road::direct道路方向合理性检查2 | D3: lgmap_road | E3: direct | F3: A | G3: 0.9984 | H3: 工具 | I3: 1 | J3: 14777 | K3: 0 | L3: 1 | M3: 是
A4: 3 | B4: HDMKLOGIC2702003 | C4: lgmap_road::geometry道路几何完备性检查3 | D4: lgmap_road | E4: geometry | F4: A | G4: 0.9984 | H4: 工具 | I4: 1 | J4: 14777 | K4: 3 | L4: 0.99979698 | M4: 是
A5: 4 | B5: HDMKLOGIC2702016 | C5: lgmap_road::geometry位置检查 | D5: lgmap_road | E5: geometry | F5: A | G5: 0.9984 | H5: 工具 | I5: 1 | J5: 14777 | K5: 10.983333 | L5: 0.99925673 | M5: 是
A6: 5 | B6: HDMKLOGIC2708014 | C6: lgmap_road::kind道路种别合理性检查13 | D6: lgmap_road | E6: kind | F6: B | G6: 0.99 | H6: 工具 | I6: 1 | J6: 14777 | K6: 0 | L6: 1 | M6: 是
A7: 6 | B7: HDMKLOGIC2708017 | C7: lgmap_road::kind道路种别合理性检查16 | D7: lgmap_road | E7: kind | F7: B | G7: 0.99 | H7: 工具 | I7: 1 | J7: 14777 | K7: 0 | L7: 1 | M7: 是
A8: 7 | B8: HDMKLOGIC2708008 | C8: lgmap_road::kind道路种别合理性检查6 | D8: lgmap_road | E8: kind | F8: B | G8: 0.99 | H8: 工具 | I8: 1 | J8: 14777 | K8: 91.785714 | L8: 0.99378861 | M8: 是
A9: 8 | B9: HDMKLOGIC2711014 | C9: lgmap_road::lane_num车道数合理性检查2 | D9: lgmap_road | E9: lane_num | F9: B | G9: 0.99 | H9: 工具 | I9: 1 | J9: 14777 | K9: 60.506024 | L9: 0.99590539 | M9: 是
A10: 9 | B10: HDMKLOGIC2711010 | C10: lgmap_road::lane_num道路总车道数检查 | D10: lgmap_road | E10: lane_num | F10: B | G10: 0.99 | H10: 工具 | I10: 1 | J10: 14777 | K10: 0 | L10: 1 | M10: 是
A11: 10 | B11: HDMKLOGIC2802002 | C11: lgmap_road_node::geometryid编号在道路中不存在 | D11: lgmap_road_node | E11: geometry | F11: A | G11: 0.9984 | H11: 工具 | I11: 1 | J11: 14838 | K11: 17 | L11: 0.99885429 | M11: 是
A12: 11 | B12: HDMKLOGIC2802001 | C12: lgmap_road_node::geometry几何重复检查 | D12: lgmap_road_node | E12: geometry | F12: A | G12: 0.9984 | H12: 工具 | I12: 1 | J12: 14838 | K12: 19 | L12: 0.9987195 | M12: 是
A13: 12 | B13: HDMKLOGIC3802007 | C13: lgmap_road_section::geometry面内存在杆错误 | D13: lgmap_road_section | E13: geometry | F13: A | G13: 0.9984 | H13: 工具 | I13: 1 | J13: 13937 | K13: 7 | L13: 0.99949774 | M13: 是
A14: 13 | B14: 20048 | C14: 常规限速值为0时,来源非不应用报错；常规限速值非0时,来源为不应用报错。（一次质检报） | D14: lgmap_lane_speed_general | E14: max_speed_src/min_speed_src | F14: B | G14: 0.99 | H14: 工具 | I14: 1 | J14: 39676 | K14: 321 | L14: 0.99190947 | M14: 是
A15: 15 | B15: MKLOGIC0602010 | C15: 车道数变化区域的路口功能面正确性检查 | D15: lgmap_junction | E15: geometry | F15: C | G15: 0.98 | H15: 工具 | I15: 1 | J15: 1872 | K15: 0 | L15: 1 | M15: 是
A16: 16 | B16: HDMKLOGIC010632 | C16: 车道中心线的可右变同向车道ID正确性检查 | D16: lgmap_lane | E16: right_divider_id | F16: A | G16: 0.9984 | H16: 工具 | I16: 1 | J16: 39625 | K16: 0 | L16: 1 | M16: 是
A17: 17 | B17: HDMKLOGIC010531 | C17: 车道中心线的可左变同向车道ID正确性检查 | D17: lgmap_lane | E17: left_chg_lane_id | F17: A | G17: 0.9984 | H17: 工具 | I17: 1 | J17: 39625 | K17: 0 | L17: 1 | M17: 是
A18: 18 | B18: HDMKLOGIC0133044 | C18: 车道中心线的最大宽度正确性检查 | D18: lgmap_lane | E18: max_width | F18: B | G18: 0.99 | H18: 工具 | I18: 1 | J18: 39625 | K18: 0 | L18: 1 | M18: 是
A19: 19 | B19: MKLOGIC0102007 | C19: 车道中心线孤立检查 | D19: lgmap_lane | E19: geometry | F19: A | G19: 0.9984 | H19: 工具 | I19: 1 | J19: 39625 | K19: 0 | L19: 1 | M19: 是
A20: 20 | B20: HDMKLOGIC0316019 | C20: 车道中心线关联的左右边线长度不一致检查 | D20: lgmap_lane_divider | E20: geometry | F20: A | G20: 0.9984 | H20: 工具 | I20: 1 | J20: 55050 | K20: 0 | L20: 1 | M20: 是
A21: 21 | B21: HDMKLOGIC0505007 | C21: 车道中心线汇车类型制作正确性检查 | D21: lgmap_lane_top | E21: cross_type | F21: A | G21: 0.9984 | H21: 工具 | I21: 1 | J21: 38442 | K21: 13 | L21: =1-K21/J21 -> 0.99966183 | M21: 是
A22: 22 | B22: HDMKLOGIC0905007 | C22: 车道最高常规限速与交通标牌限速不一致检查 | D22: lgmap_lane_speed_general | E22: max_speed | F22: B | G22: 0.99 | H22: 工具 | I22: 1 | J22: 39676 | K22: 16 | L22: 0.99959673 | M22: 是
A23: 23 | B23: HDMKLOGIC0906001 | C23: 车道最高限速来源错误 | D23: lgmap_lane_speed_general | E23: max_speed_src | F23: B | G23: 0.99 | H23: 工具 | I23: 1 | J23: 39676 | K23: 67 | L23: 0.99831132 | M23: 是
A24: 24 | B24: HDMKLOGIC0303002 | C24: 导流区边线附加属性检查 | D24: lgmap_lane_divider | E24: additional_type | F24: B | G24: 0.99 | H24: 工具 | I24: 1 | J24: 55050 | K24: 0 | L24: 1 | M24: 是
A25: 25 | B25: MKLOGIC2204022 | C25: 导流区与中心线的建立关系正确性检查 | D25: lgmap_overlap | E25: object_id | F25: B | G25: 0.99 | H25: 工具 | I25: 1 | J25: 194834 | K25: 93.067797 | L25: 0.99952232 | M25: 是
A26: 26 | B26: MKLOGIC2204025 | C26: 导向箭头与中心线的建立关系正确性检查 | D26: lgmap_overlap | E26: object_id | F26: B | G26: 0.99 | H26: 工具 | I26: 1 | J26: 194834 | K26: 4 | L26: 0.99997947 | M26: 是
A27: 27 | B27: HDMKLOGIC1402016 | C27: 道路边界分隔线必须被物理隔离关联检查 | D27: lgmap_object_physical_boundary | E27: geometry | F27: B | G27: 0.99 | H27: 工具 | I27: 1 | J27: 36039 | K27: 2.4146341 | L27: 0.999933 | M27: 是
A28: 28 | B28: HDMKLOGIC0309007 | C28: 道路级车道类型同组赋值检查 | D28: lgmap_lane_divider | E28: category_location | F28: B | G28: 0.99 | H28: 工具 | I28: 1 | J28: 55050 | K28: 4 | L28: 0.99992734 | M28: 是
A29: 29 | B29: MKLOGIC2204021 | C29: 地面文字与中心线的建立关系正确性检查 | D29: lgmap_overlap | E29: object_id | F29: B | G29: 0.99 | H29: 工具 | I29: 1 | J29: 194834 | K29: 7 | L29: 0.99996407 | M29: 是
A30: 30 | B30: HDMKLOGIC1402014 | C30: 非虚拟物理隔离和分隔线打断检查 | D30: lgmap_object_physical_boundary | E30: geometry | F30: B | G30: 0.99 | H30: 工具 | I30: 1 | J30: 36039 | K30: 8.1971831 | L30: 0.99977255 | M30: 是
A31: 31 | B31: HDMKLOGIC0302010 | C31: 分隔线类型所在位置检查4 | D31: lgmap_lane_divider | E31: type | F31: B | G31: 0.99 | H31: 工具 | I31: 1 | J31: 55050 | K31: 0 | L31: 1 | M31: 是
A32: 32 | B32: HDMKLOGIC0316033 | C32: 分隔线首点在行政区划内检查 | D32: lgmap_lane_divider | E32: geometry | F32: A | G32: 0.9984 | H32: 工具 | I32: 1 | J32: 55050 | K32: 0 | L32: 1 | M32: 是
A33: 33 | B33: MKLOGIC1302007 | C33: 杆对象间距离过近检查 | D33: lgmap_object_line_pole | E33: geometry | F33: C | G33: 0.98 | H33: 工具 | I33: 1 | J33: 17737 | K33: 3 | L33: 0.99983086 | M33: 是
... A39: 39 | B39: HDMKLOGIC0309021 | C39: 高速连接匝道前继车道类型检查 | D39: lgmap_lane_divider | E39: category_location | F39: B | G39: 0.99 | H39: 工具 | I39: 1 | J39: 55050 | K39: 0 | L39: 1 | M39: 是
A40: 41 | B40: 20001 | C40: 几何检查：线的长度必须为正，且不能自相交；面的面积必须为正，且不能自相交。 | D40: lgmap_lane_divider | E40: geometry | F40: A | G40: 0.9984 | H40: 工具 | I40: 1 | J40: 55050 | K40: 0 | L40: 1 | M40: 是
A41: 42 | B41: HDMKLOGIC0309024 | C41: 加速车道前继车道类型检查 | D41: lgmap_lane_divider | E41: category_location | F41: B | G41: 0.99 | H41: 工具 | I41: 1 | J41: 55050 | K41: 0 | L41: 1 | M41: 是
A42: 43 | B42: 20012 | C42: 检查是否有两个junction相交 | D42: lgmap_junction | E42: geometry | F42: C | G42: 0.98 | H42: 工具 | I42: 1 | J42: 1872 | K42: 0 | L42: 1 | M42: 是
A43: 45 | B43: 20015 | C43: 检查物理隔离对象的几何关系 | D43: lgmap_object_physical_boundary | E43: geometry | F43: B | G43: 0.99 | H43: 工具 | I43: 1 | J43: 36039 | K43: 1 | L43: 0.99997225 | M43: 是
A44: 46 | B44: HDMKLOGIC0309023 | C44: 减速车道后继车道类型检查 | D44: lgmap_lane_divider | E44: category_location | F44: B | G44: 0.99 | H44: 工具 | I44: 1 | J44: 55050 | K44: 0 | L44: 1 | M44: 是
A45: 47 | B45: MKLOGIC2204026 | C45: 减速带与中心线的建立关系正确性检查 | D45: lgmap_overlap | E45: object_id | F45: B | G45: 0.99 | H45: 工具 | I45: 1 | J45: 194834 | K45: 14 | L45: 0.99992814 | M45: 是
A46: 48 | B46: HDMKLOGIC2403009 | C46: 建立关系的地面面要素非数字类检查 | D46: lgmap_object_lane | E46: object_type | F46: C | G46: 0.98 | H46: 工具 | I46: 1 | J46: 3462 | K46: 3 | L46: 0.99913345 | M46: 是
A47: 49 | B47: MKLOGIC2204037 | C47: 交通标牌对象的关系应在同一个道路路段检查 | D47: lgmap_overlap | E47: object_id | F47: B | G47: 0.99 | H47: 工具 | I47: 1 | J47: 194834 | K47: 3.1666667 | L47: 0.99998375 | M47: 是
A48: 50 | B48: MKLOGIC2204017 | C48: 交通标牌对象未与参考线的建立关系 | D48: lgmap_overlap | E48: object_id | F48: B | G48: 0.99 | H48: 工具 | I48: 1 | J48: 194834 | K48: 93.5 | L48: 0.9995201 | M48: 是
A49: 51 | B49: HDMKLOGIC2304007 | C49: 交通标牌对象未与参考线建立关系 | D49: lgmap_object_link | E49: link_id | F49: C | G49: 0.98 | H49: 工具 | I49: 1 | J49: 2098 | K49: 0 | L49: =1-K49/J49 -> 1 | M49: 是
A50: 52 | B50: MKLOGIC2202010 | C50: 交通标牌对象未与中心线的建立关系 | D50: lgmap_overlap | E50: master_id | F50: B | G50: 0.99 | H50: 工具 | I50: 1 | J50: 194834 | K50: 2 | L50: 0.99998973 | M50: 是
A51: 53 | B51: MKLOGIC2204032 | C51: 交通标牌对象与中心线的建立关系正确性检查 | D51: lgmap_overlap | E51: object_id | F51: B | G51: 0.99 | H51: 工具 | I51: 1 | J51: 194834 | K51: 52.933333 | L51: 0.99972832 | M51: 是
A52: 54 | B52: MKLOGIC2404007 | C52: 交通标牌关系应在同一个道路路段检查 | D52: lgmap_object_lane | E52: divider_id | F52: C | G52: 0.98 | H52: 工具 | I52: 1 | J52: 3462 | K52: 34.666667 | L52: 0.98998652 | M52: 是
A53: 55 | B53: HDMKLOGIC2102002 | C53: 交通标志画线方向检查 | D53: lgmap_trafficsign | E53: geometry | F53: C | G53: 0.98 | H53: 工具 | I53: 1 | J53: 18111 | K53: 312.43636 | L53: 0.98274881 | M53: 是
A54: 56 | B54: MKLOGIC2204031 | C54: 交通信号灯灯板与中心线的建立关系正确性检查 | D54: lgmap_overlap | E54: object_id | F54: B | G54: 0.99 | H54: 工具 | I54: 1 | J54: 194834 | K54: 3 | L54: 0.9999846 | M54: 是
A55: 57 | B55: MKLOGIC2204014 | C55: 路面面对象未与参考线的建立关系 | D55: lgmap_overlap | E55: object_id | F55: B | G55: 0.99 | H55: 工具 | I55: 1 | J55: 194834 | K55: 0 | L55: 1 | M55: 是
A56: 58 | B56: MKLOGIC2202005 | C56: 路面面对象未与中心线的建立关系 | D56: lgmap_overlap | E56: master_id | F56: B | G56: 0.99 | H56: 工具 | I56: 1 | J56: 194834 | K56: 11 | L56: 0.99994354 | M56: 是
A57: 59 | B57: MKLOGIC2204018 | C57: 路面线对象与中心线的建立关系正确性检查 | D57: lgmap_overlap | E57: object_id | F57: B | G57: 0.99 | H57: 工具 | I57: 1 | J57: 194834 | K57: 1 | L57: 0.99999487 | M57: 是
A58: 60 | B58: MKLOGIC2204015 | C58: 路上面对象未与参考线的建立关系 | D58: lgmap_overlap | E58: object_id | F58: B | G58: 0.99 | H58: 工具 | I58: 1 | J58: 194834 | K58: 0 | L58: 1 | M58: 是
A59: 61 | B59: MKLOGIC2204029 | C59: 路上面对象与中心线的建立关系正确性检查 | D59: lgmap_overlap | E59: object_id | F59: B | G59: 0.99 | H59: 工具 | I59: 1 | J59: 194834 | K59: 13.797753 | L59: 0.99992918 | M59: 是
A60: 62 | B60: HDMKLOGIC0309020 | C60: 普通路连接匝道后继车道类型检查 | D60: lgmap_lane_divider | E60: category_location | F60: B | G60: 0.99 | H60: 工具 | I60: 1 | J60: 55050 | K60: 1 | L60: 0.99998183 | M60: 是
A61: 63 | B61: HDMKLOGIC0309019 | C61: 普通路连接匝道前继车道类型检查 | D61: lgmap_lane_divider | E61: category_location | F61: B | G61: 0.99 | H61: 工具 | I61: 1 | J61: 55050 | K61: 0 | L61: 1 | M61: 是
... A96: 100 | B96: HDMKLOGIC2902001 | C96: lgmap_road_top::from_road前后继拓扑连通检查 | D96: lgmap_road_top | E96: from_road | F96: A | G96: 0.9984 | H96: 工具 | I96: 1 | J96: 14596 | K96: 0 | L96: 1 | M96: 是
A97: 101 | B97: 20045 | C97: 车道分隔线是双向的,前后咬合的车道分隔线应该也是双向 | D97: lgmap_lane_divider | E97: biflag | F97: B | G97: 0.99 | H97: 工具 | I97: 1 | J97: 55050 | K97: 0 | L97: 1 | M97: 是
A98: 102 | B98: HDMKLOGIC0309026 | C98: 车道类型穿串检查 | D98: lgmap_lane_divider | E98: category_location | F98: B | G98: 0.99 | H98: 工具 | I98: 1 | J98: 55050 | K98: 2 | L98: 0.99996367 | M98: 是
A99: 103 | B99: HDMKLOGIC0133045 | C99: 车道中心线距离左右车道线距离检查 | D99: lgmap_lane | E99: max_width | F99: B | G99: 0.99 | H99: 工具 | I99: 1 | J99: 39625 | K99: 0 | L99: 1 | M99: 是
A100: 104 | B100: MKLOGIC0101060 | C100: 车道中心线三挂一检查 | D100: lgmap_lane | E100: geometry | F100: A | G100: 0.9984 | H100: 工具 | I100: 1 | J100: 39625 | K100: 1 | L100: 0.99997476 | M100: 是
A101: 105 | B101: HDMKLOGIC0905018 | C101: 城快主路限速值过小 | D101: lgmap_lane_speed_general | E101: max_speed | F101: B | G101: 0.99 | H101: 工具 | I101: 1 | J101: 39676 | K101: 0 | L101: 1 | M101: 是
A102: 106 | B102: MKLOGIC1502013 | C102: 导流区面遗漏检查 | D102: lgmap_object_area_roadsurface | E102: geometry | F102: C | G102: 0.98 | H102: 工具 | I102: 1 | J102: 15250 | K102: 3 | L102: 0.99980328 | M102: 是
A103: 107 | B103: HDMKLOGIC2304006 | C103: 对象关联道路表中交通信号灯灯板未与参考线建立关系 | D103: lgmap_object_link | E103: link_id | F103: C | G103: 0.98 | H103: 工具 | I103: 1 | J103: 2098 | K103: 0 | L103: =1-K103/J103 -> 1 | M103: 是
A104: 108 | B104: HDMKLOGIC1402025 | C104: 非虚拟物理隔离与分隔线打断2 | D104: lgmap_object_physical_boundary | E104: geometry | F104: B | G104: 0.99 | H104: 工具 | I104: 1 | J104: 36039 | K104: 11 | L104: 0.99969478 | M104: 是
A105: 109 | B105: HDMKLOGIC2104001 | C105: 高速本线最高限速异常检查 | D105: lgmap_trafficsign | E105: sub_type | F105: C | G105: 0.98 | H105: 工具 | I105: 1 | J105: 18111 | K105: 22.8 | L105: 0.9987411 | M105: 是
A106: 110 | B106: HDMKLOGIC0905017 | C106: 高速主路限速值过小 | D106: lgmap_lane_speed_general | E106: max_speed | F106: B | G106: 0.99 | H106: 工具 | I106: 1 | J106: 39676 | K106: 44.880952 | L106: 0.99886881 | M106: 是
A107: 111 | B107: MKLOGIC0113066 | C107: 加减速车道的车道编号应该大于等于2检查 | D107: lgmap_lane | E107: category_location | F107: B | G107: 0.99 | H107: 工具 | I107: 1 | J107: 39625 | K107: 6 | L107: 0.99984858 | M107: 是
A108: 113 | B108: 20075 | C108: 检查物理隔离对象的几何关系type=9 | D108: lgmap_object_physical_boundary | E108: geometry | F108: B | G108: 0.99 | H108: 工具 | I108: 1 | J108: 36039 | K108: 0 | L108: 1 | M108: 是
A109: 114 | B109: 20003 | C109: 检查中心线间的几何连接关系。 | D109: lgmap_lane | E109: geometry | F109: A | G109: 0.9984 | H109: 工具 | I109: 1 | J109: 39625 | K109: 0 | L109: 1 | M109: 是
A110: 115 | B110: 20076 | C110: 路口功能面正确性检查 | D110: lgmap_junction | E110: type | F110: C | G110: 0.98 | H110: 工具 | I110: 1 | J110: 1872 | K110: 0 | L110: 1 | M110: 是
A111: 116 | B111: HDMKLOGIC2304001 | C111: 路面线对象未与参考线建立关系 | D111: lgmap_object_link | E111: link_id | F111: C | G111: 0.98 | H111: 工具 | I111: 1 | J111: 2098 | K111: 0 | L111: =1-K111/J111 -> 1 | M111: 是
A112: 117 | B112: HDMKLOGIC0310004 | C112: 普通路上不能存在车道类型检查 | D112: lgmap_lane_divider | E112: category_vehicle | F112: B | G112: 0.99 | H112: 工具 | I112: 1 | J112: 55050 | K112: 9 | L112: 0.99983651 | M112: 是
A113: 118 | B113: MKLOGIC0113067 | C113: 收费站的复合属性遗漏检查 | D113: lgmap_lane | E113: category_location | F113: B | G113: 0.99 | H113: 工具 | I113: 1 | J113: 39625 | K113: 0 | L113: 1 | M113: 是
A114: 119 | B114: 20026 | C114: 物理隔离对象（防护栏、虚拟线除外）和车道分隔线是否相交，如果相交则报错。 | D114: lgmap_object_physical_boundary | E114: geometry | F114: B | G114: 0.99 | H114: 工具 | I114: 1 | J114: 36039 | K114: 1 | L114: 0.99997225 | M114: 是
A115: 120 | B115: MKLOGIC0602012 | C115: 匝道分匝道处路口功能面类型为出入口类型正确性检查 | D115: lgmap_junction | E115: type | F115: C | G115: 0.98 | H115: 工具 | I115: 1 | J115: 1872 | K115: 0 | L115: 1 | M115: 是
A116: 121 | B116: HDMKLOGIC0501006 | C116: 参考线连接关系与车道中心线连接关系关联检查 | D116: lgmap_lane_top | E116: id | F116: A | G116: 0.9984 | H116: 工具 | I116: 1 | J116: 38442 | K116: 0 | L116: 1 | M116: 是
A117: 122 | B117: HDMKLOGIC0302012 | C117: 车道分隔线类型检查6 | D117: lgmap_lane_divider | E117: type | F117: B | G117: 0.99 | H117: 工具 | I117: 1 | J117: 55050 | K117: 0 | L117: 1 | M117: 是
A118: 123 | B118: HDMKLOGIC0304003 | C118: 车道分隔线颜色检查3 | D118: lgmap_lane_divider | E118: color | F118: B | G118: 0.99 | H118: 工具 | I118: 1 | J118: 55050 | K118: 0 | L118: 1 | M118: 是
A119: 124 | B119: HDMKLOGIC0101042 | C119: 车道中心线的挂接错误 | D119: lgmap_lane | E119: geometry | F119: A | G119: 0.9984 | H119: 工具 | I119: 1 | J119: 39625 | K119: 1 | L119: 0.99997476 | M119: 是
A120: 125 | B120: HDMKLOGIC2304004 | C120: 对象关联道路表中路面面对象未与参考线建立关系 | D120: lgmap_object_link | E120: link_id | F120: C | G120: 0.98 | H120: 工具 | I120: 1 | J120: 2098 | K120: 0 | L120: =1-K120/J120 -> 1 | M120: 是
A121: 126 | B121: 20034 | C121: 分隔线之间角度检查 | D121: lgmap_lane_divider | E121: geometry | F121: A | G121: 0.9984 | H121: 工具 | I121: 1 | J121: 55050 | K121: 0 | L121: 1 | M121: 是
A122: 127 | B122: 20021 | C122: 检查交通标牌的几何关系 | D122: lgmap_trafficsign | E122: geometry | F122: C | G122: 0.98 | H122: 工具 | I122: 1 | J122: 18111 | K122: 1 | L122: 0.99994478 | M122: 是
A123: 128 | B123: 20050 | C123: 检查元素空间关系表元素类型对应关系 | D123: lgmap_overlap | E123: master_type | F123: B | G123: 0.99 | H123: 工具 | I123: 1 | J123: 194834 | K123: 17 | L123: 0.99991275 | M123: 是
A124: 129 | B124: MKLOGIC2403012 | C124: 建立关系的限速类文字值域关联正确性检查 | D124: lgmap_object_lane | E124: object_type | F124: C | G124: 0.98 | H124: 工具 | I124: 1 | J124: 3462 | K124: 2 | L124: 0.9994223 | M124: 是
A125: 130 | B125: MKLOGIC1502011 | C125: 路面面对象离路面过远检查 | D125: lgmap_object_area_roadsurface | E125: geometry | F125: C | G125: 0.98 | H125: 工具 | I125: 1 | J125: 15250 | K125: 0 | L125: 1 | M125: 是
A126: 131 | B126: HDMKLOGIC0905012 | C126: 隧道最高限速值异常 | D126: lgmap_lane_speed_general | E126: max_speed | F126: B | G126: 0.99 | H126: 工具 | I126: 1 | J126: 39676 | K126: 12 | L126: 0.99969755 | M126: 是
A127: 132 | B127: HDMKLOGIC0905022 | C127: 线限速最高限速值不应为多个 | D127: lgmap_lane_speed_general | E127: max_speed | F127: B | G127: 0.99 | H127: 工具 | I127: 1 | J127: 39676 | K127: 5 | L127: 0.99987398 | M127: 是

Sheet 5.与现实世界一致性检查
A1: 序号 | B1: 图层 | C1: 字段名称 | D1: 错误子类 | E1: 重要等级 | F1: 质量标准 | G1: 求和项:总量 | H1: 求和项:错误数 | I1: 正确率 | J1: 是否合格
A2: 1 | B2: 车道分隔线表 | C2: 车道类型-所处位置 | D2: 车道分隔线表::车道类型-所处位置错误 | E2: B | F2: 0.99 | G2: 56887 | H2: 551 | I2: =1-H2/G2 -> 0.99031413 | J2: =IF(I2>=F2,"是","否") -> 是
A3: 2 | B3: 车道分隔线表 | C3: 车道类型-特殊属性 | D3: 车道分隔线表::车道类型-特殊属性错误 | E3: B | F3: 0.99 | G3: 56887 | H3: 1 | I3: =1-H3/G3 -> 0.99998242 | J3: =IF(I3>=F3,"是","否") -> 是
A4: 3 | B4: 车道分隔线表 | C4: 车道主类型 | D4: 车道分隔线表::车道主类型错误 | E4: B | F4: 0.99 | G4: 56887 | H4: 59 | I4: =1-H4/G4 -> 0.99896286 | J4: =IF(I4>=F4,"是","否") -> 是
A5: 4 | B5: 车道分隔线表 | C5: 分隔线附加属性 | D5: 车道分隔线表::分隔线附加属性错误 | E5: B | F5: 0.99 | G5: 56887 | H5: 98 | I5: =1-H5/G5 -> 0.99827729 | J5: =IF(I5>=F5,"是","否") -> 是
A6: 5 | B6: 车道分隔线表 | C6: 分隔线类型 | D6: 车道分隔线表::分隔线类型错误 | E6: B | F6: 0.99 | G6: 56887 | H6: 66 | I6: =1-H6/G6 -> 0.99883981 | J6: =IF(I6>=F6,"是","否") -> 是
A7: 6 | B7: 车道分隔线表 | C7: 分隔线颜色 | D7: 车道分隔线表::分隔线颜色错误 | E7: B | F7: 0.99 | G7: 56887 | H7: 48 | I7: =1-H7/G7 -> 0.99915622 | J7: =IF(I7>=F7,"是","否") -> 是
A8: 7 | B8: 车道分隔线表 | C8: 线坐标序列 | D8: 车道分隔线表::线坐标序列打断位置错误 | E8: A | F8: 0.9984 | G8: 56887 | H8: 54 | I8: =1-H8/G8 -> 0.99905075 | J8: =IF(I8>=F8,"是","否") -> 是
A9: 8 | B9: 车道分隔线表 | C9: 线坐标序列 | D9: 车道分隔线表::线坐标序列拓扑连接错误 | E9: A | F9: 0.9984 | G9: 56887 | H9: 4 | I9: =1-H9/G9 -> 0.99992969 | J9: =IF(I9>=F9,"是","否") -> 是
A10: 9 | B10: 车道分隔线表 | C10: 车道中线坐标序列 | D10: 车道分隔线表::线坐标序列位置精度错误 | E10: A | F10: 0.9984 | G10: 56887 | H10: 68 | I10: =1-H10/G10 -> 0.99880465 | J10: =IF(I10>=F10,"是","否") -> 是
A11: 10 | B11: 车道分隔线表 | C11: 线坐标序列 | D11: 车道分隔线表::线坐标序列遗漏 | E11: A | F11: 0.9984 | G11: 56887 | H11: 7 | I11: =1-H11/G11 -> 0.99987695 | J11: =IF(I11>=F11,"是","否") -> 是
A12: 11 | B12: 车道分隔线附加道路属性表 | C12: 道路形态 | D12: 车道分隔线附加道路属性表::道路形态错误 | E12: B | F12: 0.99 | G12: 14435 | H12: 10 | I12: =1-H12/G12 -> 0.99930724 | J12: =IF(I12>=F12,"是","否") -> 是
A13: 12 | B13: 车道中心线主表 | C13: 车道中线坐标序列 | D13: 车道中心线主表::车道中线坐标序列位置精度错误 | E13: A | F13: 0.9984 | G13: 40952 | H13: 3 | I13: =1-H13/G13 -> 0.99992674 | J13: =IF(I13>=F13,"是","否") -> 是
... A51: 51 | B51: 物理隔离对象表 | C51: 子类型 | D51: 物理隔离对象表::子类型错误 | E51: C | F51: 0.98 | G51: 36565 | H51: 25 | I51: =1-H51/G51 -> 0.99931629 | J51: =IF(I51>=F51,"是","否") -> 是
